"dataset","mean_PSI","median_PSI","sd_PSI","n_samples"
"GTEx",2.55959725898168,0.331675870717916,5.57558321035823,2456
"TCGA",69.5514982921517,79.4871794871795,28.4353852250347,2575
