"dataset","mean_PSI","median_PSI","sd_PSI","n_samples"
"GTEx",2.55959725898168,0.331675870717916,5.57558321035823,2456
"TCGA",74.2294774143408,85.3571428571429,29.9732749752277,62
