"dataset","mean_PSI","median_PSI","sd_PSI","n_samples"
"GTEx",2.55708315707452,0.33112582781457,5.57310739755676,2457
"TCGA",74.2144503656532,85.3571428571429,29.9781003963865,62
